{
    "$schema": "https://schema.management.azure.com/schemas/2015-01-01/deploymentParameters.json#",
    "contentVersion": "1.0.0.0",
    "parameters": {
      "customer365TenantID": {
        "value": ""
      },
      "deploymentResourceRandomSuffix": {
        "value": ""
      },
      "deploymentResourceRandomPrefix": {
        "value": ""
      },
      "kitLocalAdminAcountNameBase": {
        "value": ""
      },
      "kitLocalAdminPasswordBase": {
        "value": ""
      },
      "subnetName": {
          "value": "AzureFirewallSubnet"
        },
        "subnetNamebe": {
          "value": "MDI-Mig-be-snet-qa"
        },
        "subnetAddressPrefix": {
          "value": "10.0.254.0/26"
        },
        "subnetAddressPrefixbe": {
          "value": "10.0.0.0/23"
        }
    }
  }