{
    "$schema": "https://schema.management.azure.com/schemas/2015-01-01/deploymentParameters.json#",
    "contentVersion": "1.0.0.0",
    "parameters": {
      "customer365TenantID": {
        "value": ""
      },
      "deploymentAkvAdminGroupObjectId": {
        "value": ""
      },
      "deploymentAkvVaultName": {
        "value": ""
      },
      "deploymentResourceRandomSuffix": {
        "value": ""
      },
      "deploymentResourceRandomPrefix": {
        "value": ""
      },
      "kitDomainName": {
        "value": ""
      },
      "kitNetBiosDomainName": {
        "value": ""
      },
      "keyType": {
        "value": ""
      },
      "keySize": {
        "value": ""
      }
    }
  }