{
    "$schema": "https://schema.management.azure.com/schemas/2015-01-01/deploymentParameters.json#",
    "contentVersion": "1.0.0.0",
    "parameters": {
      "customer365TenantID": {
        "value": "Validation_Bicep"
      },
      "deploymentResourceRandomSuffix": {
        "value": "test"
      },
      "deploymentResourceRandomPrefix": {
        "value": "bicep"
      },
      "kitLocalAdminAcountNameBase": {
        "value": ""
      },
      "kitLocalAdminPasswordBase": {
        "value": ""
      },
      "VMTotalCount": {
        "value": 2
      },
      "isProduction": {
        "value": true
      },
      "enableBackup": {
        "value": true
      },
      "vaultName": {
        "value": "yourRecoveryServicesVaultName"
      },
      "vaultExists": {
        "value": false
      },
      "location": {
        "value": "East US"
      }
    }
  }