{
    "$schema": "https://schema.management.azure.com/schemas/2015-01-01/deploymentParameters.json#",
    "contentVersion": "1.0.0.0",
    "parameters": {
      "customer365TenantID": {
        "value": "80bc7021-cc53-4816-8d86-92b16d0b469c"
      },
      "deploymentAkvAdminGroupObjectId": {
        "value": "f8cf9ca0-6c82-42da-a77f-3e239360d328"
      },
      "deploymentAkvVaultName": {
        "value": "abcdq"
      },
      "deploymentResourceRandomSuffix": {
        "value": "testrsv"
      },
      "deploymentResourceRandomPrefix": {
        "value": "rsvtest"
      },
      "kitDomainName": {
        "value": "O365.com"
      },
      "kitNetBiosDomainName": {
        "value": "365"
      },
      "VMTotalCountJB": {
        "value": 1
      },
      "VMTotalCountMigWorker": {
        "value": 1
      },
      "genevaExtension": {
        "value": false
      },
      "deployJB": {
        "value": true
      },
      "deployMigWorkerVM": {
        "value": true
      },
      "deployVPNBoxVM": {
        "value": false
      },
      "keyType": {
        "value": "RSA"
      },
      "keySize": {
        "value": 4096
      },
      "enableBackup": {
        "value": true
      },
      "isProduction": {
        "value": true
      },
      "vaultName": { 
        "value": "yourRecoveryServicesVaultName"
      },
      "vaultExists": {
        "value": false
      }
    }
  }