{
  "$schema": "https://schema.management.azure.com/schemas/2015-01-01/deploymentParameters.json#",
  "contentVersion": "1.0.0.0",
  "parameters": {
    "customer365TenantID": {
      "value": "cdc5aeea-15c5-4db6-b079-fcadd2505dc2"
    },
    "deploymentAkvAdminGroupObjectId": {
      "value": "c33ff3e4-057f-4a85-87fe-ccd34e891be6"
    },
    "deploymentAkvVaultName": {
      "value": "EHTK-KVT01-REDPE"
    },
    "deploymentResourceRandomSuffix": {
      "value": "REDPE"
    },
    "deploymentResourceRandomPrefix": {
      "value": "EHTK"
    },
    "kitDomainName": {
      "value": "o365migops.com"
    },
    "kitNetBiosDomainName": {
      "value": "o365migops"
    },
    "VMTotalCountJB": {
      "value": 2
    },
    "VMTotalCountMigWorker": {
      "value": 2
    },
    "genevaExtension": {
      "value": false
    },
    "deployJB": {
      "value": true
    },
    "deployMigWorkerVM": {
      "value": true
    },
    "deployVPNBoxVM": {
      "value": false
    },
    "keyType": {
      "value": "RSA"
    },
    "keySize": {
      "value": 4096
    }
  }
}