{
  "$schema": "https://schema.management.azure.com/schemas/2015-01-01/deploymentParameters.json#",
  "contentVersion": "1.0.0.0",
  "parameters": {
    "customer365TenantId": {
      "value": ""
    },
    "deploymentResourceRandomPrefix": {
      "value": ""
    },
    "deploymentResourceRandomSuffix": {
      "value": ""
    },
    "kitLocalAdminAcountNameBase": {
      "value": ""
    },
    "kitLocalAdminPasswordBase": {
      "value": ""
    },
    "VMTotalCount": {
      "value": 2
    }
  }
}